<?xml version="1.0" encoding="UTF-8"?>
<project-private xmlns="http://www.netbeans.org/ns/project-private/1">
    <editor-bookmarks xmlns="http://www.netbeans.org/ns/editor-bookmarks/2" lastBookmarkId="0"/>
    <open-files xmlns="http://www.netbeans.org/ns/projectui-open-files/1">
        <file>file:/C:/Users/andyafw/Documents/GitHub/roguelike-game-development/roguelike_game/src/roguelike_game/MenuScreen.java</file>
        <file>file:/C:/Users/andyafw/Documents/GitHub/roguelike-game-development/roguelike_game/src/roguelike_game/Game.java</file>
        <file>file:/C:/Users/andyafw/Documents/GitHub/roguelike-game-development/roguelike_game/src/roguelike_game/InventoryPanel.java</file>
        <file>file:/C:/Users/andyafw/Documents/GitHub/roguelike-game-development/roguelike_game/src/roguelike_game/graphics/Sprite.java</file>
        <file>file:/C:/Users/andyafw/Documents/GitHub/roguelike-game-development/roguelike_game/src/roguelike_game/graphics/Render.java</file>
        <file>file:/C:/Users/andyafw/Documents/GitHub/roguelike-game-development/roguelike_game/src/roguelike_game/entity/Player.java</file>
        <file>file:/C:/Users/andyafw/Documents/GitHub/roguelike-game-development/roguelike_game/src/roguelike_game/graphics/SpriteSheet.java</file>
        <file>file:/C:/Users/andyafw/Documents/GitHub/roguelike-game-development/roguelike_game/src/roguelike_game/transport/Inventory.java</file>
        <file>file:/C:/Users/andyafw/Documents/GitHub/roguelike-game-development/roguelike_game/src/roguelike_game/events/ItemPickupListener.java</file>
        <file>file:/C:/Users/andyafw/Documents/GitHub/roguelike-game-development/roguelike_game/src/roguelike_game/events/Movement.java</file>
    </open-files>
</project-private>
